Feature,Importance
remainder__MonthlyIncome,0.06924927587125743
remainder__Age,0.05943142819756928
remainder__TotalWorkingYears,0.055547574963397635
remainder__DailyRate,0.048890480418751964
remainder__YearsAtCompany,0.0459247990426777
remainder__YearsWithCurrManager,0.043092954172752496
remainder__DistanceFromHome,0.041937892546284265
remainder__MonthlyRate,0.04182371213201141
remainder__HourlyRate,0.04058478432054255
remainder__NumCompaniesWorked,0.03610390086247663
categorical__OverTime_No,0.03316545798509638
remainder__PercentSalaryHike,0.031056234976652834
remainder__StockOptionLevel,0.030931722988118308
remainder__YearsInCurrentRole,0.03046613163800909
categorical__OverTime_Yes,0.02626012500401315
remainder__JobLevel,0.026226283765833823
remainder__EnvironmentSatisfaction,0.025799351589702743
remainder__JobSatisfaction,0.024771259398825535
remainder__YearsSinceLastPromotion,0.022416506766415923
remainder__RelationshipSatisfaction,0.0212953406710865
remainder__TrainingTimesLastYear,0.019900188124982857
remainder__WorkLifeBalance,0.019768833425856887
remainder__JobInvolvement,0.01890497000276794
remainder__Education,0.01842860751332746
categorical__MaritalStatus_Single,0.015694259300333642
categorical__JobRole_Laboratory Technician,0.010882530904472632
categorical__Department_Sales,0.010418163523183305
categorical__BusinessTravel_Travel_Frequently,0.009798243042366945
categorical__JobRole_Research Scientist,0.009562873304625654
categorical__MaritalStatus_Married,0.008949054840740217
categorical__Department_Research & Development,0.008805705494896999
categorical__JobRole_Sales Executive,0.008565095552645698
categorical__EducationField_Medical,0.007726961822086277
categorical__Gender_Female,0.007508046708892894
categorical__Gender_Male,0.007478678238868539
categorical__EducationField_Life Sciences,0.007063762899954726
categorical__BusinessTravel_Travel_Rarely,0.005931678447601169
categorical__MaritalStatus_Divorced,0.005760919614116598
categorical__BusinessTravel_Non-Travel,0.005730063833933303
categorical__EducationField_Marketing,0.0050395631294020285
categorical__JobRole_Sales Representative,0.004558681766147451
categorical__JobRole_Healthcare Representative,0.004387922164582625
categorical__JobRole_Manufacturing Director,0.004209285920350061
categorical__EducationField_Technical Degree,0.004201022776491226
remainder__PerformanceRating,0.003395102327870779
categorical__JobRole_Manager,0.0029376863489642734
categorical__JobRole_Research Director,0.0027251682596041494
categorical__EducationField_Other,0.0025522789743920083
categorical__Department_Human Resources,0.0018142389890790874
categorical__EducationField_Human Resources,0.0011828519485337773
categorical__JobRole_Human Resources,0.0011423434874532064
