Employee_ID,Actual_Attrition,Predicted_Attrition,Attrition_Risk,Risk_Level,Exit_Interview,Sentiment_Score,Sentiment,Topic
1495,Yes,Yes,0.82,High,The workload was very high and frequent overtime made it difficult to maintain a healthy work life balance.,0.07700000000000001,Neutral,Workload & Work-Life Balance
1246,Yes,Yes,0.8,High,"I enjoyed working with my team, but the salary growth was slower than I expected.",0.2,Positive,Compensation
613,No,Yes,0.735,High,I did not see enough opportunities for career development and promotion.,0.0,Neutral,Career Development
1288,Yes,Yes,0.645,Medium,The workload was stressful and I often had to work late.,-0.3,Negative,Workload & Work-Life Balance
90,No,Yes,0.585,Medium,My manager was supportive and the team environment was positive.,0.36363636363636365,Positive,Management & Team Environment
1641,Yes,Yes,0.545,Medium,I wanted better training programs and opportunities to learn new technical skills.,0.21212121212121213,Positive,Training & Learning
543,Yes,Yes,0.505,Medium,The compensation was not competitive compared with other companies.,-0.125,Negative,Compensation
1866,No,No,0.5,Medium,Long working hours affected my personal life and increased my stress.,-0.025,Neutral,Workload & Work-Life Balance
1728,No,No,0.495,Medium,There was no clear career path or promotion opportunity for me.,-0.049999999999999996,Neutral,Career Development
1839,No,No,0.49,Medium,"I liked my colleagues, but I was disappointed with the salary progression.",-0.07500000000000001,Neutral,Compensation
1701,No,No,0.47,Medium,The company provided good learning opportunities and my manager was helpful.,0.7,Positive,Training & Learning
1070,Yes,No,0.465,Medium,Too much overtime made the job stressful and affected my work life balance.,0.2,Positive,Workload & Work-Life Balance
269,Yes,No,0.465,Medium,I wanted more opportunities to develop my skills and grow professionally.,0.3,Positive,Career Development
1784,Yes,No,0.455,Medium,"The work environment was friendly, but compensation remained a concern.",0.375,Positive,Compensation
1297,No,No,0.445,Medium,I felt there was limited support from management when workload increased.,-0.07142857142857142,Neutral,Workload & Work-Life Balance
434,Yes,No,0.445,Medium,Training opportunities were limited and I wanted to learn modern technologies.,0.0642857142857143,Neutral,Training & Learning
534,No,No,0.425,Medium,The salary and benefits were not sufficient for my expectations.,0.0,Neutral,Compensation
361,Yes,No,0.42,Medium,The workload became difficult to manage and caused considerable stress.,-0.2,Negative,Workload & Work-Life Balance
833,No,No,0.42,Medium,I was satisfied with my team but there were limited promotion opportunities.,0.2142857142857143,Positive,Career Development
2052,No,No,0.395,Low,My manager supported my development and I had a positive experience overall.,0.11363636363636363,Positive,Management & Team Environment
896,No,No,0.385,Low,,,,
1389,Yes,No,0.38,Low,,,,
1195,No,No,0.375,Low,,,,
1552,Yes,No,0.375,Low,,,,
1097,No,No,0.365,Low,,,,
527,No,No,0.36,Low,,,,
1768,Yes,No,0.345,Low,,,,
179,Yes,No,0.335,Low,,,,
984,Yes,No,0.33,Low,,,,
58,Yes,No,0.33,Low,,,,
1621,No,No,0.33,Low,,,,
1258,No,No,0.32,Low,,,,
834,No,No,0.315,Low,,,,
1138,Yes,No,0.315,Low,,,,
934,Yes,No,0.31,Low,,,,
702,Yes,No,0.305,Low,,,,
102,No,No,0.305,Low,,,,
1965,No,No,0.3,Low,,,,
1224,No,No,0.3,Low,,,,
991,No,No,0.295,Low,,,,
258,No,No,0.295,Low,,,,
1173,No,No,0.29,Low,,,,
327,No,No,0.285,Low,,,,
1935,Yes,No,0.285,Low,,,,
1609,No,No,0.28,Low,,,,
1882,Yes,No,0.275,Low,,,,
1735,Yes,No,0.265,Low,,,,
1704,No,No,0.265,Low,,,,
332,No,No,0.265,Low,,,,
498,Yes,No,0.265,Low,,,,
1477,No,No,0.26,Low,,,,
1918,No,No,0.255,Low,,,,
2041,No,No,0.255,Low,,,,
1554,No,No,0.255,Low,,,,
826,No,No,0.255,Low,,,,
715,No,No,0.245,Low,,,,
601,Yes,No,0.245,Low,,,,
175,No,No,0.245,Low,,,,
793,No,No,0.245,Low,,,,
1254,No,No,0.235,Low,,,,
1446,Yes,No,0.235,Low,,,,
1698,No,No,0.235,Low,,,,
260,No,No,0.23,Low,,,,
1813,No,No,0.225,Low,,,,
2068,No,No,0.225,Low,,,,
1794,No,No,0.225,Low,,,,
85,Yes,No,0.225,Low,,,,
1818,Yes,No,0.22,Low,,,,
1448,No,No,0.22,Low,,,,
1190,No,No,0.215,Low,,,,
2040,Yes,No,0.21,Low,,,,
182,No,No,0.205,Low,,,,
1283,No,No,0.205,Low,,,,
1709,Yes,No,0.205,Low,,,,
151,No,No,0.2,Low,,,,
1888,Yes,No,0.195,Low,,,,
1484,No,No,0.19,Low,,,,
307,No,No,0.185,Low,,,,
1881,No,No,0.185,Low,,,,
239,Yes,No,0.185,Low,,,,
1756,No,No,0.185,Low,,,,
1053,Yes,No,0.18,Low,,,,
165,No,No,0.18,Low,,,,
32,No,No,0.175,Low,,,,
1898,Yes,No,0.17,Low,,,,
1724,No,No,0.17,Low,,,,
634,Yes,No,0.17,Low,,,,
1098,No,No,0.17,Low,,,,
616,No,No,0.17,Low,,,,
1700,Yes,No,0.165,Low,,,,
244,No,No,0.16,Low,,,,
259,No,No,0.16,Low,,,,
1273,No,No,0.16,Low,,,,
974,No,No,0.16,Low,,,,
399,No,No,0.16,Low,,,,
1439,Yes,No,0.16,Low,,,,
1646,No,No,0.155,Low,,,,
300,No,No,0.155,Low,,,,
2018,No,No,0.15,Low,,,,
1350,No,No,0.15,Low,,,,
1069,No,No,0.15,Low,,,,
1148,No,No,0.15,Low,,,,
802,No,No,0.15,Low,,,,
1751,No,No,0.15,Low,,,,
1961,No,No,0.15,Low,,,,
2036,Yes,No,0.15,Low,,,,
933,No,No,0.15,Low,,,,
352,No,No,0.145,Low,,,,
1333,No,No,0.145,Low,,,,
1580,No,No,0.14,Low,,,,
1614,No,No,0.14,Low,,,,
1136,No,No,0.14,Low,,,,
1338,No,No,0.14,Low,,,,
70,No,No,0.14,Low,,,,
1361,No,No,0.14,Low,,,,
957,No,No,0.14,Low,,,,
806,No,No,0.135,Low,,,,
624,No,No,0.135,Low,,,,
57,No,No,0.135,Low,,,,
1182,No,No,0.135,Low,,,,
245,No,No,0.135,Low,,,,
773,No,No,0.13,Low,,,,
1523,No,No,0.13,Low,,,,
1864,No,No,0.13,Low,,,,
1296,No,No,0.13,Low,,,,
35,No,No,0.13,Low,,,,
1720,No,No,0.125,Low,,,,
401,No,No,0.125,Low,,,,
1753,No,No,0.125,Low,,,,
1324,No,No,0.125,Low,,,,
248,No,No,0.125,Low,,,,
1215,No,No,0.12,Low,,,,
780,No,No,0.12,Low,,,,
925,No,No,0.12,Low,,,,
200,No,No,0.12,Low,,,,
1974,No,No,0.12,Low,,,,
954,No,No,0.12,Low,,,,
496,No,No,0.12,Low,,,,
1412,No,No,0.12,Low,,,,
1336,No,No,0.12,Low,,,,
1423,Yes,No,0.12,Low,,,,
460,Yes,No,0.12,Low,,,,
379,No,No,0.115,Low,,,,
424,No,No,0.115,Low,,,,
1210,No,No,0.115,Low,,,,
154,No,No,0.115,Low,,,,
1739,No,No,0.115,Low,,,,
602,No,No,0.115,Low,,,,
217,No,No,0.115,Low,,,,
520,No,No,0.115,Low,,,,
1478,No,No,0.115,Low,,,,
1514,No,No,0.11,Low,,,,
1407,No,No,0.11,Low,,,,
319,Yes,No,0.11,Low,,,,
1615,No,No,0.11,Low,,,,
161,No,No,0.11,Low,,,,
2027,No,No,0.11,Low,,,,
1375,No,No,0.11,Low,,,,
720,No,No,0.11,Low,,,,
1908,No,No,0.105,Low,,,,
754,No,No,0.105,Low,,,,
644,No,No,0.105,Low,,,,
31,No,No,0.105,Low,,,,
1231,No,No,0.1,Low,,,,
752,No,No,0.1,Low,,,,
1499,No,No,0.1,Low,,,,
1081,Yes,No,0.1,Low,,,,
1929,No,No,0.1,Low,,,,
4,No,No,0.1,Low,,,,
337,No,No,0.1,Low,,,,
2064,No,No,0.1,Low,,,,
334,No,No,0.1,Low,,,,
467,No,No,0.1,Low,,,,
1036,No,No,0.095,Low,,,,
510,No,No,0.095,Low,,,,
734,No,No,0.095,Low,,,,
1017,No,No,0.095,Low,,,,
373,No,No,0.095,Low,,,,
1113,No,No,0.095,Low,,,,
639,No,No,0.095,Low,,,,
246,No,No,0.095,Low,,,,
1710,No,No,0.09,Low,,,,
2019,No,No,0.09,Low,,,,
315,Yes,No,0.09,Low,,,,
1485,No,No,0.09,Low,,,,
1671,No,No,0.09,Low,,,,
1834,No,No,0.085,Low,,,,
309,No,No,0.085,Low,,,,
1527,No,No,0.085,Low,,,,
1893,No,No,0.085,Low,,,,
1667,No,No,0.085,Low,,,,
338,No,No,0.085,Low,,,,
852,No,No,0.085,Low,,,,
162,No,No,0.085,Low,,,,
1468,No,No,0.085,Low,,,,
760,No,No,0.085,Low,,,,
1691,No,No,0.085,Low,,,,
1613,No,No,0.085,Low,,,,
1105,No,No,0.085,Low,,,,
1056,No,No,0.085,Low,,,,
959,No,No,0.08,Low,,,,
306,No,No,0.08,Low,,,,
1303,No,No,0.08,Low,,,,
731,No,No,0.08,Low,,,,
22,No,No,0.08,Low,,,,
901,No,No,0.08,Low,,,,
1061,No,No,0.08,Low,,,,
744,No,No,0.075,Low,,,,
1706,No,No,0.075,Low,,,,
1969,No,No,0.075,Low,,,,
178,No,No,0.075,Low,,,,
1280,No,No,0.075,Low,,,,
1770,No,No,0.075,Low,,,,
1525,No,No,0.075,Low,,,,
478,No,No,0.075,Low,,,,
448,No,No,0.075,Low,,,,
211,No,No,0.075,Low,,,,
1461,No,No,0.075,Low,,,,
5,No,No,0.075,Low,,,,
47,No,No,0.07,Low,,,,
1045,Yes,No,0.07,Low,,,,
998,No,No,0.07,Low,,,,
1082,No,No,0.07,Low,,,,
411,No,No,0.07,Low,,,,
1014,No,No,0.07,Low,,,,
1060,Yes,No,0.07,Low,,,,
643,No,No,0.065,Low,,,,
652,No,No,0.065,Low,,,,
612,No,No,0.065,Low,,,,
1062,No,No,0.065,Low,,,,
1073,No,No,0.065,Low,,,,
1009,No,No,0.065,Low,,,,
930,No,No,0.065,Low,,,,
1654,No,No,0.06,Low,,,,
139,No,No,0.06,Low,,,,
199,No,No,0.06,Low,,,,
1358,No,No,0.06,Low,,,,
1177,No,No,0.06,Low,,,,
923,No,No,0.06,Low,,,,
1581,No,No,0.06,Low,,,,
1572,No,No,0.06,Low,,,,
144,Yes,No,0.06,Low,,,,
824,No,No,0.06,Low,,,,
1826,No,No,0.055,Low,,,,
339,No,No,0.055,Low,,,,
885,No,No,0.055,Low,,,,
977,No,No,0.055,Low,,,,
21,No,No,0.055,Low,,,,
14,Yes,No,0.055,Low,,,,
836,No,No,0.055,Low,,,,
331,No,No,0.05,Low,,,,
1033,No,No,0.05,Low,,,,
857,No,No,0.05,Low,,,,
1956,No,No,0.05,Low,,,,
1799,No,No,0.05,Low,,,,
410,No,No,0.05,Low,,,,
1318,No,No,0.05,Low,,,,
910,No,No,0.05,Low,,,,
333,No,No,0.05,Low,,,,
1995,No,No,0.05,Low,,,,
1804,No,No,0.05,Low,,,,
1971,No,No,0.05,Low,,,,
1857,No,No,0.045,Low,,,,
1774,No,No,0.045,Low,,,,
2065,No,No,0.045,Low,,,,
231,No,No,0.045,Low,,,,
1922,No,No,0.045,Low,,,,
1762,No,No,0.045,Low,,,,
1949,No,No,0.04,Low,,,,
771,No,No,0.04,Low,,,,
1203,No,No,0.04,Low,,,,
623,No,No,0.04,Low,,,,
465,No,No,0.04,Low,,,,
669,No,No,0.04,Low,,,,
1071,No,No,0.04,Low,,,,
1391,No,No,0.035,Low,,,,
994,No,No,0.035,Low,,,,
1030,No,No,0.03,Low,,,,
641,No,No,0.03,Low,,,,
444,No,No,0.03,Low,,,,
1617,Yes,No,0.03,Low,,,,
1150,No,No,0.025,Low,,,,
2038,No,No,0.025,Low,,,,
1816,No,No,0.025,Low,,,,
54,No,No,0.025,Low,,,,
1950,No,No,0.025,Low,,,,
1255,No,No,0.025,Low,,,,
1157,No,No,0.02,Low,,,,
1135,No,No,0.02,Low,,,,
1778,No,No,0.02,Low,,,,
1903,No,No,0.01,Low,,,,
1733,No,No,0.01,Low,,,,
1441,No,No,0.005,Low,,,,
391,No,No,0.0,Low,,,,
