Actual_Attrition,Predicted_Attrition,Attrition_Risk,Risk_Level
Yes,Yes,0.82,High
Yes,Yes,0.8,High
No,Yes,0.735,High
Yes,Yes,0.645,Medium
No,Yes,0.585,Medium
Yes,Yes,0.545,Medium
Yes,Yes,0.505,Medium
No,No,0.5,Medium
No,No,0.495,Medium
No,No,0.49,Medium
No,No,0.47,Medium
Yes,No,0.465,Medium
Yes,No,0.465,Medium
Yes,No,0.455,Medium
No,No,0.445,Medium
Yes,No,0.445,Medium
No,No,0.425,Medium
Yes,No,0.42,Medium
No,No,0.42,Medium
No,No,0.395,Low
No,No,0.385,Low
Yes,No,0.38,Low
No,No,0.375,Low
Yes,No,0.375,Low
No,No,0.365,Low
No,No,0.36,Low
Yes,No,0.345,Low
Yes,No,0.335,Low
Yes,No,0.33,Low
Yes,No,0.33,Low
No,No,0.33,Low
No,No,0.32,Low
No,No,0.315,Low
Yes,No,0.315,Low
Yes,No,0.31,Low
Yes,No,0.305,Low
No,No,0.305,Low
No,No,0.3,Low
No,No,0.3,Low
No,No,0.295,Low
No,No,0.295,Low
No,No,0.29,Low
No,No,0.285,Low
Yes,No,0.285,Low
No,No,0.28,Low
Yes,No,0.275,Low
Yes,No,0.265,Low
No,No,0.265,Low
No,No,0.265,Low
Yes,No,0.265,Low
No,No,0.26,Low
No,No,0.255,Low
No,No,0.255,Low
No,No,0.255,Low
No,No,0.255,Low
No,No,0.245,Low
Yes,No,0.245,Low
No,No,0.245,Low
No,No,0.245,Low
No,No,0.235,Low
Yes,No,0.235,Low
No,No,0.235,Low
No,No,0.23,Low
No,No,0.225,Low
No,No,0.225,Low
No,No,0.225,Low
Yes,No,0.225,Low
Yes,No,0.22,Low
No,No,0.22,Low
No,No,0.215,Low
Yes,No,0.21,Low
No,No,0.205,Low
No,No,0.205,Low
Yes,No,0.205,Low
No,No,0.2,Low
Yes,No,0.195,Low
No,No,0.19,Low
No,No,0.185,Low
No,No,0.185,Low
Yes,No,0.185,Low
No,No,0.185,Low
Yes,No,0.18,Low
No,No,0.18,Low
No,No,0.175,Low
Yes,No,0.17,Low
No,No,0.17,Low
Yes,No,0.17,Low
No,No,0.17,Low
No,No,0.17,Low
Yes,No,0.165,Low
No,No,0.16,Low
No,No,0.16,Low
No,No,0.16,Low
No,No,0.16,Low
No,No,0.16,Low
Yes,No,0.16,Low
No,No,0.155,Low
No,No,0.155,Low
No,No,0.15,Low
No,No,0.15,Low
No,No,0.15,Low
No,No,0.15,Low
No,No,0.15,Low
No,No,0.15,Low
No,No,0.15,Low
Yes,No,0.15,Low
No,No,0.15,Low
No,No,0.145,Low
No,No,0.145,Low
No,No,0.14,Low
No,No,0.14,Low
No,No,0.14,Low
No,No,0.14,Low
No,No,0.14,Low
No,No,0.14,Low
No,No,0.14,Low
No,No,0.135,Low
No,No,0.135,Low
No,No,0.135,Low
No,No,0.135,Low
No,No,0.135,Low
No,No,0.13,Low
No,No,0.13,Low
No,No,0.13,Low
No,No,0.13,Low
No,No,0.13,Low
No,No,0.125,Low
No,No,0.125,Low
No,No,0.125,Low
No,No,0.125,Low
No,No,0.125,Low
No,No,0.12,Low
No,No,0.12,Low
No,No,0.12,Low
No,No,0.12,Low
No,No,0.12,Low
No,No,0.12,Low
No,No,0.12,Low
No,No,0.12,Low
No,No,0.12,Low
Yes,No,0.12,Low
Yes,No,0.12,Low
No,No,0.115,Low
No,No,0.115,Low
No,No,0.115,Low
No,No,0.115,Low
No,No,0.115,Low
No,No,0.115,Low
No,No,0.115,Low
No,No,0.115,Low
No,No,0.115,Low
No,No,0.11,Low
No,No,0.11,Low
Yes,No,0.11,Low
No,No,0.11,Low
No,No,0.11,Low
No,No,0.11,Low
No,No,0.11,Low
No,No,0.11,Low
No,No,0.105,Low
No,No,0.105,Low
No,No,0.105,Low
No,No,0.105,Low
No,No,0.1,Low
No,No,0.1,Low
No,No,0.1,Low
Yes,No,0.1,Low
No,No,0.1,Low
No,No,0.1,Low
No,No,0.1,Low
No,No,0.1,Low
No,No,0.1,Low
No,No,0.1,Low
No,No,0.095,Low
No,No,0.095,Low
No,No,0.095,Low
No,No,0.095,Low
No,No,0.095,Low
No,No,0.095,Low
No,No,0.095,Low
No,No,0.095,Low
No,No,0.09,Low
No,No,0.09,Low
Yes,No,0.09,Low
No,No,0.09,Low
No,No,0.09,Low
No,No,0.085,Low
No,No,0.085,Low
No,No,0.085,Low
No,No,0.085,Low
No,No,0.085,Low
No,No,0.085,Low
No,No,0.085,Low
No,No,0.085,Low
No,No,0.085,Low
No,No,0.085,Low
No,No,0.085,Low
No,No,0.085,Low
No,No,0.085,Low
No,No,0.085,Low
No,No,0.08,Low
No,No,0.08,Low
No,No,0.08,Low
No,No,0.08,Low
No,No,0.08,Low
No,No,0.08,Low
No,No,0.08,Low
No,No,0.075,Low
No,No,0.075,Low
No,No,0.075,Low
No,No,0.075,Low
No,No,0.075,Low
No,No,0.075,Low
No,No,0.075,Low
No,No,0.075,Low
No,No,0.075,Low
No,No,0.075,Low
No,No,0.075,Low
No,No,0.075,Low
No,No,0.07,Low
Yes,No,0.07,Low
No,No,0.07,Low
No,No,0.07,Low
No,No,0.07,Low
No,No,0.07,Low
Yes,No,0.07,Low
No,No,0.065,Low
No,No,0.065,Low
No,No,0.065,Low
No,No,0.065,Low
No,No,0.065,Low
No,No,0.065,Low
No,No,0.065,Low
No,No,0.06,Low
No,No,0.06,Low
No,No,0.06,Low
No,No,0.06,Low
No,No,0.06,Low
No,No,0.06,Low
No,No,0.06,Low
No,No,0.06,Low
Yes,No,0.06,Low
No,No,0.06,Low
No,No,0.055,Low
No,No,0.055,Low
No,No,0.055,Low
No,No,0.055,Low
No,No,0.055,Low
Yes,No,0.055,Low
No,No,0.055,Low
No,No,0.05,Low
No,No,0.05,Low
No,No,0.05,Low
No,No,0.05,Low
No,No,0.05,Low
No,No,0.05,Low
No,No,0.05,Low
No,No,0.05,Low
No,No,0.05,Low
No,No,0.05,Low
No,No,0.05,Low
No,No,0.05,Low
No,No,0.045,Low
No,No,0.045,Low
No,No,0.045,Low
No,No,0.045,Low
No,No,0.045,Low
No,No,0.045,Low
No,No,0.04,Low
No,No,0.04,Low
No,No,0.04,Low
No,No,0.04,Low
No,No,0.04,Low
No,No,0.04,Low
No,No,0.04,Low
No,No,0.035,Low
No,No,0.035,Low
No,No,0.03,Low
No,No,0.03,Low
No,No,0.03,Low
Yes,No,0.03,Low
No,No,0.025,Low
No,No,0.025,Low
No,No,0.025,Low
No,No,0.025,Low
No,No,0.025,Low
No,No,0.025,Low
No,No,0.02,Low
No,No,0.02,Low
No,No,0.02,Low
No,No,0.01,Low
No,No,0.01,Low
No,No,0.005,Low
No,No,0.0,Low
