Employee_ID,Attrition_Risk,Risk_Level,Exit_Interview,Sentiment_Score,Sentiment,Topic,Relevant_Policy_Group,Explanation
1495,0.82,High,The workload was very high and frequent overtime made it difficult to maintain a healthy work life balance.,0.07700000000000001,Neutral,Workload & Work-Life Balance,P001/P002/P003,"Predicted attrition risk is High (82.0%). The exit interview is classified as neutral with a main topic of Workload & Work-Life Balance. Relevant sample policy group: P001/P002/P003. The neutral sentiment provides limited additional evidence, so the attrition prediction should be interpreted with other factors."
1246,0.8,High,"I enjoyed working with my team, but the salary growth was slower than I expected.",0.2,Positive,Compensation,P004,"Predicted attrition risk is High (80.0%). The exit interview is classified as positive with a main topic of Compensation. Relevant sample policy group: P004. The positive interview sentiment provides additional context, although it does not by itself indicate low attrition risk."
613,0.735,High,I did not see enough opportunities for career development and promotion.,0.0,Neutral,Career Development,P005,"Predicted attrition risk is High (73.5%). The exit interview is classified as neutral with a main topic of Career Development. Relevant sample policy group: P005. The neutral sentiment provides limited additional evidence, so the attrition prediction should be interpreted with other factors."
1288,0.645,Medium,The workload was stressful and I often had to work late.,-0.3,Negative,Workload & Work-Life Balance,P001/P002/P003,Predicted attrition risk is Medium (64.5%). The exit interview is classified as negative with a main topic of Workload & Work-Life Balance. Relevant sample policy group: P001/P002/P003. The negative interview sentiment may indicate an employee concern that should be reviewed alongside the model prediction.
90,0.585,Medium,My manager was supportive and the team environment was positive.,0.36363636363636365,Positive,Management & Team Environment,P007/P008,"Predicted attrition risk is Medium (58.5%). The exit interview is classified as positive with a main topic of Management & Team Environment. Relevant sample policy group: P007/P008. The positive interview sentiment provides additional context, although it does not by itself indicate low attrition risk."
1641,0.545,Medium,I wanted better training programs and opportunities to learn new technical skills.,0.21212121212121213,Positive,Training & Learning,P006,"Predicted attrition risk is Medium (54.5%). The exit interview is classified as positive with a main topic of Training & Learning. Relevant sample policy group: P006. The positive interview sentiment provides additional context, although it does not by itself indicate low attrition risk."
543,0.505,Medium,The compensation was not competitive compared with other companies.,-0.125,Negative,Compensation,P004,Predicted attrition risk is Medium (50.5%). The exit interview is classified as negative with a main topic of Compensation. Relevant sample policy group: P004. The negative interview sentiment may indicate an employee concern that should be reviewed alongside the model prediction.
1866,0.5,Medium,Long working hours affected my personal life and increased my stress.,-0.025,Neutral,Workload & Work-Life Balance,P001/P002/P003,"Predicted attrition risk is Medium (50.0%). The exit interview is classified as neutral with a main topic of Workload & Work-Life Balance. Relevant sample policy group: P001/P002/P003. The neutral sentiment provides limited additional evidence, so the attrition prediction should be interpreted with other factors."
1728,0.495,Medium,There was no clear career path or promotion opportunity for me.,-0.049999999999999996,Neutral,Career Development,P005,"Predicted attrition risk is Medium (49.5%). The exit interview is classified as neutral with a main topic of Career Development. Relevant sample policy group: P005. The neutral sentiment provides limited additional evidence, so the attrition prediction should be interpreted with other factors."
1839,0.49,Medium,"I liked my colleagues, but I was disappointed with the salary progression.",-0.07500000000000001,Neutral,Compensation,P004,"Predicted attrition risk is Medium (49.0%). The exit interview is classified as neutral with a main topic of Compensation. Relevant sample policy group: P004. The neutral sentiment provides limited additional evidence, so the attrition prediction should be interpreted with other factors."
1701,0.47,Medium,The company provided good learning opportunities and my manager was helpful.,0.7,Positive,Training & Learning,P006,"Predicted attrition risk is Medium (47.0%). The exit interview is classified as positive with a main topic of Training & Learning. Relevant sample policy group: P006. The positive interview sentiment provides additional context, although it does not by itself indicate low attrition risk."
1070,0.465,Medium,Too much overtime made the job stressful and affected my work life balance.,0.2,Positive,Workload & Work-Life Balance,P001/P002/P003,"Predicted attrition risk is Medium (46.5%). The exit interview is classified as positive with a main topic of Workload & Work-Life Balance. Relevant sample policy group: P001/P002/P003. The positive interview sentiment provides additional context, although it does not by itself indicate low attrition risk."
269,0.465,Medium,I wanted more opportunities to develop my skills and grow professionally.,0.3,Positive,Career Development,P005,"Predicted attrition risk is Medium (46.5%). The exit interview is classified as positive with a main topic of Career Development. Relevant sample policy group: P005. The positive interview sentiment provides additional context, although it does not by itself indicate low attrition risk."
1784,0.455,Medium,"The work environment was friendly, but compensation remained a concern.",0.375,Positive,Compensation,P004,"Predicted attrition risk is Medium (45.5%). The exit interview is classified as positive with a main topic of Compensation. Relevant sample policy group: P004. The positive interview sentiment provides additional context, although it does not by itself indicate low attrition risk."
1297,0.445,Medium,I felt there was limited support from management when workload increased.,-0.07142857142857142,Neutral,Workload & Work-Life Balance,P001/P002/P003,"Predicted attrition risk is Medium (44.5%). The exit interview is classified as neutral with a main topic of Workload & Work-Life Balance. Relevant sample policy group: P001/P002/P003. The neutral sentiment provides limited additional evidence, so the attrition prediction should be interpreted with other factors."
434,0.445,Medium,Training opportunities were limited and I wanted to learn modern technologies.,0.0642857142857143,Neutral,Training & Learning,P006,"Predicted attrition risk is Medium (44.5%). The exit interview is classified as neutral with a main topic of Training & Learning. Relevant sample policy group: P006. The neutral sentiment provides limited additional evidence, so the attrition prediction should be interpreted with other factors."
534,0.425,Medium,The salary and benefits were not sufficient for my expectations.,0.0,Neutral,Compensation,P004,"Predicted attrition risk is Medium (42.5%). The exit interview is classified as neutral with a main topic of Compensation. Relevant sample policy group: P004. The neutral sentiment provides limited additional evidence, so the attrition prediction should be interpreted with other factors."
361,0.42,Medium,The workload became difficult to manage and caused considerable stress.,-0.2,Negative,Workload & Work-Life Balance,P001/P002/P003,Predicted attrition risk is Medium (42.0%). The exit interview is classified as negative with a main topic of Workload & Work-Life Balance. Relevant sample policy group: P001/P002/P003. The negative interview sentiment may indicate an employee concern that should be reviewed alongside the model prediction.
833,0.42,Medium,I was satisfied with my team but there were limited promotion opportunities.,0.2142857142857143,Positive,Career Development,P005,"Predicted attrition risk is Medium (42.0%). The exit interview is classified as positive with a main topic of Career Development. Relevant sample policy group: P005. The positive interview sentiment provides additional context, although it does not by itself indicate low attrition risk."
2052,0.395,Low,My manager supported my development and I had a positive experience overall.,0.11363636363636363,Positive,Management & Team Environment,P007/P008,"Predicted attrition risk is Low (39.5%). The exit interview is classified as positive with a main topic of Management & Team Environment. Relevant sample policy group: P007/P008. The positive interview sentiment provides additional context, although it does not by itself indicate low attrition risk."
